Mascarpone;...
Panna;...
Cotta;...Ciro;...
g;...
banana;...
potato;...
pasta;...
mela;...
pera;...
mela;...
mascarpone;...
Panna;...
Mele;...
impasto;...
mascarpone;...
mele;...
mascarpone;...
mele;...
mascarpone;...
mele;...
mascarpone;...
mele;...
mascarpone;...
mele;...
mascarpone;...
mele;...
mascarpone;...
mele;...
mascarpone;...
mele;...
pere;...
panne;...
mele;...
mascarpone;...
mele;...
panna;...
panna;...
zuppa;...
mele;...
zuppa;...
mele;...
panna;...
zuppa;...
mele;...
zuppa;...
panna;...
